{
    "core": {
        "version": "4.1.0.30528"
    },
    "opt": {
        "props": {
            "capabilities": [
                "adc",
                "arduino",
                "bsp_gen4",
                "can",
                "capsense",
                "capsense_button",
                "capsense_linear_slider",
                "cat1",
                "cat1a",
                "comp",
                "csd",
                "cy8ckit_062s4",
                "dac",
                "dma",
                "flash_256k",
                "hal",
                "i2c",
                "j2",
                "led",
                "low_power",
                "lptimer",
                "mcu_gp",
                "memory",
                "memory_qspi",
                "multi_core",
                "nor_flash",
                "opamp",
                "psoc6",
                "qspi",
                "rgb_led",
                "rtc",
                "smart_io",
                "spi",
                "sram_128k",
                "std_crypto",
                "switch",
                "uart",
                "usb_device",
                "usb_host"
            ],
            "dependencies": {
                "cat1cm0p": "latest-v1.X",
                "core-lib": "latest-v1.X",
                "core-make": "latest-v3.X",
                "mtb-hal-cat1": "latest-v2.X",
                "mtb-pdl-cat1": "latest-v3.X",
                "recipe-make-cat1a": "latest-v2.X"
            },
            "docs_dir": "docs",
            "flow_version": "2.0",
            "min_tools": "3.0.0",
            "template": {
                "id": "mtb-template-cat1",
                "version": "release-v1.0.0"
            }
        }
    }
}